"","x"
"1","time"
"2","kids"
"3","room"
"4","way"
"5","house"
"6","something"
"7","day"
"8","school"
"9","door"
"10","things"
"11","friends"
"12","phone"
"13","people"
"14","eyes"
"15","home"
"16","thing"
"17","mom"
"18","lot"
"19","parents"
"20","head"
"21","everyone"
"22","mother"
"23","idea"
"24","anything"
"25","family"
"26","hand"
"27","night"
"28","hair"
"29","club"
"30","job"
"31","meeting"
"32","face"
"33","voice"
"34","kitchen"
"35","table"
"36","one"
"37","book"
"38","afternoon"
"39","girls"
"40","kind"
"41","someone"
"42","father"
"43","dad"
"44","everything"
"45","look"
"46","front"
"47","course"
"48","class"
"49","bed"
"50","car"
"51","rest"
"52","minutes"
"53","morning"
"54","moment"
"55","friend"
"56","name"
"57","work"
"58","place"
"59","stuff"
"60","floor"
"61","food"
"62","life"
"63","hands"
"64","part"
"65","sister"
"66","paper"
"67","today"
"68","members"
"69","right"
"70","side"
"71","girl"
"72","baby"
"73","mind"
"74","person"
"75","books"
"76","brother"
"77","week"
"78","party"
"79","team"
"80","dinner"
"81","end"
"82","fact"
"83","fun"
"84","money"
"85","times"
"86","smile"
"87","help"
"88","game"
"89","nothing"
"90","everybody"
"91","boys"
"92","days"
"93","clothes"
"94","anyone"
"95","back"
"96","problem"
"97","man"
"98","call"
"99","okay"
"100","boy"
"101","words"
"102","brothers"
"103","living"
"104","guy"
"105","sort"
"106","children"
"107","chair"
"108","window"
"109","hall"
"110","box"
"111","bag"
"112","years"
"113","care"
"114","mouth"
"115","word"
"116","arms"
"117","group"
"118","didn"
"119","grade"
"120","story"
"121","show"
"122","minute"
"123","kid"
"124","jobs"
"125","water"
"126","couple"
"127","arm"
"128","clock"
"129","feet"
"130","lunch"
"131","line"
"132","year"
"133","hour"
"134","dance"
"135","business"
"136","stairs"
"137","woman"
"138","ball"
"139","guys"
"140","number"
"141","case"
"142","desk"
"143","notebook"
"144","shoulder"
"145","movie"
"146","picture"
"147","tomorrow"
"148","member"
"149","breath"
"150","news"
"151","street"
"152","rang"
"153","homework"
"154","list"
"155","world"
"156","meetings"
"157","store"
"158","matter"
"159","talk"
"160","feeling"
"161","corner"
"162","attention"
"163","play"
"164","eye"
"165","thanks"
"166","sorry"
"167","trouble"
"168","while"
"169","top"
"170","heart"
"171","order"
"172","ones"
"173","art"
"174","town"
"175","don"
"176","sisters"
"177","math"
"178","babysitters"
"179","hours"
"180","tears"
"181","others"
"182","dog"
"183","summer"
"184","sound"
"185","trip"
"186","triplets"
"187","seat"
"188","chance"
"189","point"
"190","middle"
"191","lots"
"192","reason"
"193","bit"
"194","half"
"195","practice"
"196","teacher"
"197","office"
"198","dawn"
"199","air"
"200","downstairs"
"201","bedroom"
"202","project"
"203","note"
"204","question"
"205","record"
"206","letter"
"207","beach"
"208","mystery"
"209","nobody"
"210","sitter"
"211","questions"
"212","watch"
"213","weekend"
"214","bathroom"
"215","music"
"216","piece"
"217","fire"
"218","sign"
"219","weeks"
"220","wait"
"221","ideas"
"222","sure"
"223","boyfriend"
"224","conversation"
"225","answer"
"226","pictures"
"227","surprise"
"228","breakfast"
"229","dress"
"230","hospital"
"231","love"
"232","yard"
"233","thought"
"234","neighborhood"
"235","shoes"
"236","glasses"
"237","wall"
"238","president"
"239","cat"
"240","wasn"
"241","sense"
"242","upstairs"
"243","evening"
"244","mine"
"245","awhile"
"246","date"
"247","shirt"
"248","clients"
"249","locker"
"250","sitters"
"251","police"
"252","age"
"253","babysitting"
"254","junk"
"255","tree"
"256","pair"
"257","teachers"
"258","ballet"
"259","ears"
"260","bus"
"261","stop"
"262","stage"
"263","pizza"
"264","problems"
"265","library"
"266","truth"
"267","charge"
"268","none"
"269","letters"
"270","crowd"
"271","bunch"
"272","jeans"
"273","closet"
"274","walk"
"275","names"
"276","ghost"
"277","song"
"278","laugh"
"279","stories"
"280","somebody"
"281","glass"
"282","plan"
"283","deal"
"284","steps"
"285","bell"
"286","babysitter"
"287","light"
"288","driveway"
"289","get"
"290","tonight"
"291","games"
"292","set"
"293","calls"
"294","field"
"295","baseball"
"296","classes"
"297","turn"
"298","notes"
"299","worry"
"300","information"
"301","plenty"
"302","couch"
"303","stomach"
"304","twins"
"305","track"
"306","doesn"
"307","ride"
"308","body"
"309","mean"
"310","doctor"
"311","mall"
"312","isn"
"313","you"
"314","boxes"
"315","throat"
"316","plate"
"317","gym"
"318","grandmother"
"319","luck"
"320","cookies"
"321","ground"
"322","goodbye"
"323","pool"
"324","city"
"325","porch"
"326","dogs"
"327","fingers"
"328","hallway"
"329","start"
"330","pink"
"331","center"
"332","babies"
"333","test"
"334","please"
"335","fine"
"336","mess"
"337","tape"
"338","station"
"339","outfit"
"340","ear"
"341","mirror"
"342","students"
"343","anybody"
"344","sports"
"345","mansion"
"346","chocolate"
"347","company"
"348","places"
"349","card"
"350","makeup"
"351","student"
"352","train"
"353","legs"
"354","ring"
"355","see"
"356","shopping"
"357","silence"
"358","subject"
"359","vacation"
"360","spot"
"361","fight"
"362","nose"
"363","color"
"364","feel"
"365","wedding"
"366","coffee"
"367","building"
"368","cream"
"369","rules"
"370","candy"
"371","cool"
"372","toys"
"373","lights"
"374","pocket"
"375","ice"
"376","numbers"
"377","foot"
"378","glad"
"379","sight"
"380","officer"
"381","juice"
"382","plans"
"383","feelings"
"384","families"
"385","flowers"
"386","expression"
"387","hug"
"388","cards"
"389","change"
"390","backyard"
"391","snack"
"392","dining"
"393","think"
"394","jacket"
"395","beginning"
"396","grin"
"397","scene"
"398","bike"
"399","laughing"
"400","joke"
"401","child"
"402","mood"
"403","thinking"
"404","dues"
"405","earrings"
"406","movies"
"407","yesterday"
"408","barn"
"409","noise"
"410","shoulders"
"411","softball"
"412","ways"
"413","milk"
"414","windows"
"415","sun"
"416","apartment"
"417","months"
"418","board"
"419","bottom"
"420","decision"
"421","restaurant"
"422","example"
"423","sugar"
"424","doorway"
"425","sigh"
"426","emergency"
"427","bags"
"428","counter"
"429","area"
"430","daughter"
"431","machine"
"432","teeth"
"433","couldn"
"434","camp"
"435","jewelry"
"436","direction"
"437","animals"
"438","envelope"
"439","space"
"440","audience"
"441","move"
"442","seconds"
"443","lessons"
"444","edge"
"445","officers"
"446","kinds"
"447","moments"
"448","thoughts"
"449","costume"
"450","director"
"451","paint"
"452","secretary"
"453","basement"
"454","rooms"
"455","step"
"456","hat"
"457","fault"
"458","garage"
"459","lap"
"460","chairs"
"461","doors"
"462","parade"
"463","cake"
"464","pile"
"465","schedule"
"466","camera"
"467","den"
"468","diabetes"
"469","break"
"470","rehearsal"
"471","reading"
"472","month"
"473","tea"
"474","stepsister"
"475","honey"
"476","sweater"
"477","dark"
"478","finger"
"479","newspaper"
"480","lawn"
"481","treasurer"
"482","supplies"
"483","birthday"
"484","coat"
"485","page"
"486","band"
"487","weather"
"488","seats"
"489","suit"
"490","snow"
"491","backpack"
"492","video"
"493","pants"
"494","history"
"495","charges"
"496","heads"
"497","plastic"
"498","relief"
"499","soccer"
"500","laughter"
"501","receiver"
"502","artist"
"503","doorbell"
"504","salad"
"505","dollars"
"506","glance"
"507","lines"
"508","star"
"509","eat"
"510","neck"
"511","row"
"512","excitement"
"513","blood"
"514","style"
"515","accident"
"516","bowl"
"517","skin"
"518","booth"
"519","figure"
"520","hadn"
"521","bottle"
"522","fashion"
"523","pieces"
"524","share"
"525","blue"
"526","chips"
"527","shot"
"528","genius"
"529","babysit"
"530","cars"
"531","crazy"
"532","pencil"
"533","visit"
"534","control"
"535","heard"
"536","houses"
"537","science"
"538","sheet"
"539","brain"
"540","park"
"541","contest"
"542","papers"
"543","soda"
"544","passage"
"545","radio"
"546","knees"
"547","lips"
"548","rain"
"549","van"
"550","museum"
"551","situation"
"552","pages"
"553","guess"
"554","college"
"555","dream"
"556","try"
"557","boat"
"558","cabin"
"559","computer"
"560","hers"
"561","energy"
"562","message"
"563","stand"
"564","sneakers"
"565","choice"
"566","clue"
"567","eyebrows"
"568","refrigerator"
"569","aunt"
"570","costumes"
"571","tables"
"572","colors"
"573","film"
"574","mistake"
"575","cafeteria"
"576","fair"
"577","horse"
"578","player"
"579","sidewalk"
"580","walls"
"581","experience"
"582","photo"
"583","road"
"584","trees"
"585","hello"
"586","mallory"
"587","sky"
"588","magazine"
"589","entrance"
"590","period"
"591","sit"
"592","socks"
"593","leg"
"594","activities"
"595","chest"
"596","tell"
"597","rock"
"598","report"
"599","study"
"600","orange"
"601","shop"
"602","lives"
"603","race"
"604","blonde"
"605","divorce"
"606","theater"
"607","looks"
"608","jokes"
"609","program"
"610","painting"
"611","cup"
"612","cap"
"613","garden"
"614","come"
"615","suitcase"
"616","cute"
"617","details"
"618","block"
"619","journal"
"620","let"
"621","lesson"
"622","cheeks"
"623","forth"
"624","neighbors"
"625","shape"
"626","skirt"
"627","parking"
"628","left"
"629","drawer"
"630","football"
"631","hurt"
"632","inside"
"633","signs"
"634","cry"
"635","event"
"636","sleep"
"637","groups"
"638","plane"
"639","paintings"
"640","thank"
"641","piano"
"642","hotel"
"643","alarm"
"644","notice"
"645","sand"
"646","yeah"
"647","position"
"648","client"
"649","run"
"650","interest"
"651","wouldn"
"652","blanket"
"653","key"
"654","picnic"
"655","pillow"
"656","ten"
"657","storm"
"658","driver"
"659","outfits"
"660","difference"
"661","playground"
"662","sink"
"663","bill"
"664","section"
"665","know"
"666","round"
"667","speech"
"668","dancer"
"669","grass"
"670","mysteries"
"671","coach"
"672","teams"
"673","instance"
"674","insulin"
"675","rec"
"676","drive"
"677","apple"
"678","earth"
"679","husband"
"680","pain"
"681","presents"
"682","forehead"
"683","mad"
"684","parts"
"685","lip"
"686","popcorn"
"687","homeroom"
"688","here"
"689","tray"
"690","herself"
"691","men"
"692","tickets"
"693","guests"
"694","auditorium"
"695","fall"
"696","goodness"
"697","country"
"698","bench"
"699","check"
"700","dresser"
"701","voices"
"702","talent"
"703","pad"
"704","stack"
"705","cut"
"706","huh"
"707","dishes"
"708","doll"
"709","health"
"710","rule"
"711","grandparents"
"712","kidkits"
"713","pack"
"714","roll"
"715","shock"
"716","players"
"717","winter"
"718","article"
"719","adults"
"720","appointment"
"721","wife"
"722","funny"
"723","island"
"724","lady"
"725","language"
"726","shut"
"727","events"
"728","disaster"
"729","stars"
"730","lord"
"731","kidding"
"732","sandwich"
"733","horses"
"734","stores"
"735","button"
"736","clues"
"737","sale"
"738","basketball"
"739","circle"
"740","stay"
"741","copy"
"742","fruit"
"743","girlfriend"
"744","pen"
"745","poem"
"746","pet"
"747","size"
"748","butter"
"749","snacks"
"750","television"
"751","act"
"752","women"
"753","wagon"
"754","poster"
"755","tour"
"756","pets"
"757","chicken"
"758","mail"
"759","toy"
"760","announcement"
"761","basket"
"762","elevator"
"763","her"
"764","tone"
"765","meant"
"766","meet"
"767","concert"
"768","clothing"
"769","hole"
"770","pretzels"
"771","campers"
"772","gift"
"773","gold"
"774","guide"
"775","boots"
"776","activity"
"777","that"
"778","truck"
"779","twin"
"780","bar"
"781","cheese"
"782","reasons"
"783","airport"
"784","flashlight"
"785","plates"
"786","smell"
"787","action"
"788","treasury"
"789","department"
"790","meal"
"791","parent"
"792","permission"
"793","screen"
"794","aisle"
"795","kitten"
"796","search"
"797","stepfather"
"798","base"
"799","loud"
"800","weird"
"801","cats"
"802","flight"
"803","system"
"804","writing"
"805","touch"
"806","level"
"807","furniture"
"808","playing"
"809","grades"
"810","proud"
"811","forget"
"812","magazines"
"813","spring"
"814","instructions"
"815","answers"
"816","shorts"
"817","sounds"
"818","tongue"
"819","woods"
"820","zoo"
"821","bat"
"822","prize"
"823","towel"
"824","jerk"
"825","marriage"
"826","shelf"
"827","bank"
"828","vicepresident"
"829","accent"
"830","burst"
"831","egg"
"832","shoe"
"833","wave"
"834","chin"
"835","towels"
"836","writer"
"837","advice"
"838","projects"
"839","sandwiches"
"840","speaking"
"841","whistle"
"842","attack"
"843","posters"
"844","sides"
"845","equipment"
"846","ask"
"847","lobby"
"848","humor"
"849","cereal"
"850","cheek"
"851","crew"
"852","directions"
"853","understand"
"854","handful"
"855","photos"
"856","bite"
"857","yours"
"858","tennis"
"859","author"
"860","braces"
"861","amount"
"862","interview"
"863","cardboard"
"864","wind"
"865","float"
"866","classroom"
"867","death"
"868","outside"
"869","trunk"
"870","ghosts"
"871","sofa"
"872","address"
"873","curtain"
"874","son"
"875","this"
"876","terrific"
"877","farmhouse"
"878","cage"
"879","ankle"
"880","cab"
"881","memory"
"882","balls"
"883","bread"
"884","footsteps"
"885","stacey"
"886","model"
"887","form"
"888","opening"
"889","them"
"890","monster"
"891","tons"
"892","collection"
"893","friendship"
"894","hey"
"895","items"
"896","package"
"897","read"
"898","committee"
"899","miles"
"900","cookie"
"901","argument"
"902","cups"
"903","eggs"
"904","flash"
"905","ourselves"
"906","pay"
"907","purse"
"908","crying"
"909","mask"
"910","giggles"
"911","view"
"912","kiss"
"913","tail"
"914","dressing"
"915","songs"
"916","entry"
"917","ocean"
"918","rug"
"919","theme"
"920","afternoons"
"921","reaction"
"922","service"
"923","cover"
"924","adult"
"925","blocks"
"926","performance"
"927","bear"
"928","crackers"
"929","beds"
"930","distance"
"931","silver"
"932","assignment"
"933","too"
"934","diaper"
"935","judges"
"936","need"
"937","session"
"938","studies"
"939","use"
"940","role"
"941","decorations"
"942","noises"
"943","pause"
"944","visor"
"945","wow"
"946","appointments"
"947","discussion"
"948","perfect"
"949","wonder"
"950","circus"
"951","spirit"
"952","sheets"
"953","lodge"
"954","siblings"
"955","community"
"956","drop"
"957","mention"
"958","success"
"959","ceiling"
"960","allergies"
"961","bird"
"962","sunglasses"
"963","studio"
"964","tshirt"
"965","holiday"
"966","carnival"
"967","bars"
"968","garbage"
"969","hurry"
"970","meat"
"971","stick"
"972","cold"
"973","millionaire"
"974","twenty"
"975","dresses"
"976","punch"
"977","tests"
"978","nuts"
"979","stickers"
"980","ticket"
"981","guest"
"982","ribbon"
"983","waiter"
"984","potato"
"985","war"
"986","witch"
"987","backseat"
"988","buttons"
"989","telephone"
"990","script"
"991","dock"
"992","dessert"
"993","keys"
"994","whisper"
"995","rubber"
"996","shirts"
"997","dirt"
"998","material"
"999","trick"
"1000","sculpture"
